id,text
0,i get tired with the song and dance routine
1,inverse here
2,you weren't a big surprise
3,i think maybe you look at it
4,show that they too have problems
5,i enjoy that too
6,i moved to kansas city
7,maybe four times a week
8,when he sees it to his opponent's
9,there's just no one around
10,the system right now
11,either one of them would be a decent choice
12,things like that
13,i lived in places
14,you had to change it
15,it just sort of happens automatically
16,manage your app in the new portal
17,it's a choking hazard
18,even after you wait your than days
19,i guess they must be finished
20,they came back later
21,well what doo you doo on your yard
22,that's why they call them swimming pools
23,it covers the bulk of the dental expenses
24,talk to our riddle
25,you were just up there then
26,last year or the year before
27,you win song of your choice from that show
28,like blake i'd be and that kind of thing
29,if he did something bad
30,i think they're a good team
31,i can't think of the name
32,a large child care facility now
33,are you roman catholic or something else
34,that kind you've read recently
35,it is really good
36,ai to play the piano
37,comment and join the conversation
38,that is the point of this article
39,we've remodeled all our units
40,another really good one
41,it's more efficient to due things herself
42,i guess that i really don't know that much
43,don't tell that to a native texan though
44,i wish i could
45,i can hardly read
46,they're going to be in even worse shape
47,they blow the whistle on each other
48,i would much rather own my own home
49,not even a dressy look
50,draw any conclusions based on real intelligence
51,just to float it
52,that is just personal feeling
53,they don't see each other very often
54,it has been real good talking to you
55,wedding and things like this
56,they try to throw in good stuff
57,if you get pleats
58,i think this is like two years ago
59,the beep in the background
60,he has it really nice
61,is he a problem child
62,to grow up and to decide what they want to be
63,they had no choice but to leave
64,sadly they're asked to be a collision
65,you get more stuff
66,she said that the closures would be permanent
67,they all clapped as he rolled out to join them
68,i think it would be something for it
69,i don't live in a house
70,so he's a fan of history
71,that was almost an example
72,attention is what most of them need
73,an intentional population
74,what to go hunting
75,no immediate reports of casualties
76,you have to work around it
77,confusion and uncertainty
78,there is no curb pick up
79,what happens if we lose worse
80,there was no point in dealing with him
81,not quite that often
82,don't travel too much
83,what's it like from an artist's point of view
84,it looks like they've got a weapon
85,i have three left in the house
86,that idea fits me exactly
87,if i had to pick a favorite team
88,bringing something for a potluck beatnik
89,i'm being very good
90,he works on the ride
91,i go with good intentions
92,no there's no way
93,that will sound wonderful
94,your car is fine and everything
95,like second jobs that they work in the afternoons
96,wouldn't that be awful if you were
97,we're supposed to be
98,go to take a shower
99,however there is no actual way to measure this
100,really well regulated
101,there's nothing wrong with that
102,other states have taken stronger measures
103,which i thought was a real interesting question
104,it's as much research as they can possibly to
105,you're knowledgeable on that
106,doo you sell them
107,never painted the outside
108,now it's back again
109,we're never going to get that back
110,i don't see things changing really
111,who you never expect to win
112,did you see pacific heights
113,there was some really nasty patronizing
114,the decision upheld a lower court ruling
115,i think that is an excellent program
116,the political aspect
117,since i knew a lot of parts
118,they didn't cut us off
119,every major city has a theater
120,the role in the family
121,we don't really eat out too much
122,give an incentive
123,they leave it up to you and your judgment
124,two baths duplex
125,could you have snow
126,when they were younger
127,i hope you enjoyed this
128,i was pretty shocked at that
129,not that i've been aware of
130,i was going to say i always enjoyed that
131,it's not like i'm going home
132,to they all live in the area
133,are ruled by their kids
134,it's a mini
135,they have the merits
136,ultimately what you doo is your decision
137,i think they go too far
138,the best example
139,solar power satellites
140,before i retired
141,they can be selective
142,i wear lots of shorts
143,maybe five or six years ago
144,i've done pretty good at it
145,the more room they need to exercise
146,we will appeal this decision
147,and hey that leads us to our next point
148,especially when you get done
149,i knew right away he shouldn't try to touch the tiger
150,how should they due it
151,my wife kind of laughs
152,after five years
153,to something to before the school property
154,just to get a time that we can both go
155,then you have to make a salad
156,but it's along the lines
157,that's neat that you like cross stitching also
158,i'm already on my job
159,a little trinket for each day
160,knowing your choices
161,ford lives in against next
162,you can't blame them
163,probably millions of dollars
164,so i got under there and messed with the voice
165,as far as just having handguns around
166,it would depend upon which one you want
167,that one was really well trained
168,he also wants to see more school safety
169,let's say typical
170,du yu kun
171,i put all the money into it
172,and it's just incredible
173,it's funny i was ready
174,i still got a couple of years on it to go
175,we don't have anywhere to go eat
176,and each decision can lead to a different result
177,one in the morning and one in the evening
178,can you imagine
179,it's about thirty six miles away
180,i can cut that much off the end
181,as long as he puts in the hours he needs to go
182,that one that you had
183,both of the children were in college
184,you can get the information to set it up
185,find a place that has a nice job
186,to pick the right person
187,i get calls at home
188,somebody was telling me
189,a couple of problems
190,but that was a really fun
191,it sounds like it's good
192,i vote religiously
193,they're excellent
194,nick has great vision
195,that's just an extreme example
196,a lot of those are really violent type movies
197,i think that'd be neat
198,put all your recyclables in that one
199,your present location
200,i'll take it out
201,people going into different fields
202,i guess the question is in my mind
203,let's talk about air pollution
204,i won't be driving
205,which is a good deal
206,i know lots of women would to it all the time
207,this is my dad's part
208,you could stick to that
209,enjoy the match
210,i don't have access either
211,certainly if you wash it any amount of time
212,no income taxes in texas
213,i don't know if you have one
214,why are our prisons overcrowded
215,they would vote pro choice
216,when he goes to school
217,it was like five or six dollars
218,i just thought that they broke up
219,it's only like eleven hundred square feet
220,don't tell their head off
221,when he comes the final decision will be made
222,the company is a drug
223,he points from the men's report
224,clear out our basement
225,new carpet and everything
226,they would have had kids running around by then
227,i think our next car
228,i think it's their way of saying how well you too
229,all of a sudden you look and there's three
230,he better not be mine
231,a main dish and a dessert
232,how many divisions does he have
233,long term consequences
234,i know a girl
235,we set a rack next
236,i don't have any problem
237,i had a hard time getting seated on a jury
238,don't eat the yolk at all
239,they asked us to build our newspapers
240,they make a collection on monday for yard waste
241,couldn't catch one to save your life
242,it was a great pleasure speaking with you
243,to we just go ahead
244,i felt kind of stupid
245,i think it's great
246,a total of the jury
247,you know what i am saying
248,they turn them loose
249,he went to vietnam one man and came back another
250,more or less at home
251,you can avoid this problem in two ways
252,what's the city that you're looking for
253,germany is a case in point
254,sometimes it was easy
255,i've done those too
256,it's a whole experience
257,in order to balance the divisions the schools must be split
258,trouble tension
259,it's all rolled up into one
260,you to have a separate area
261,think about how many automobiles there are
262,what are the others
263,it's really kind of crazy
264,the latest android phones for less
265,again our choices are not made in a vacuum
266,babes of carr should have no illusions
267,they assign you a topic
268,there's this one actor everyone likes
269,as he got to be a teenager
270,i would love to
271,all these other people are out running around
272,a lot of voters
273,we had an occasion
274,that is true in illinois and across this nation
275,isn't that funny
276,with james carter
277,the only rambling
278,doo you go for long vacations
279,an unjust amount of time
280,praying more often than usual
281,i thought it was pretty good
282,race oriented rather than gender based
283,there needs to be a line drawn somewhere
284,how strong is it
285,i will agree to that
286,if you're involved yourself
287,they can always maybe get somebody else to cook
288,i could to it now
289,du you have a rotor tiller
290,if they to come back next year
291,i think she has problems with that
292,it's such a trouble here
293,they trade the nucleus of their power right now
294,after that season alex had a decision to make
295,he's done a bunch of baltimore movies
296,and what was the point of it all
297,people get very upset
298,it's doing a lot of damage
299,have you ever heard of her
300,they're pretty forgiving
301,where you from originally
302,we managed to get to one
303,when you watch them go up
304,the green text above is a matter of choice
305,lot of philosophical content
306,less than half the trials
307,even if it's smoking
308,i get things done faster
309,it was fun to work with him
310,i think most people want to be
311,driving a car for longer
312,the classical thing that you see on tv
313,it is therefore disappointing
314,don't get too much money for them
315,i've been here since seventy four
316,i haven't had to replace the thing yet
317,i highly recommend it
318,at least traditionally
319,we're kind of at the end of that trail
320,i can get this yard in shape
321,she's really a good fisher woman
322,in our particular situation
323,i usually walk my dog in the park near my home
324,i did that with the second baby
325,it's disappointing how this was handled
326,he told us to get inside our car
327,i guess when you're feeling defeated don't give up
328,that would be all
329,love is energy beautiful energy
330,maybe the gap rick met was between him and the unemployment line
331,he tried to hide in the back of the room from
332,she is also close to the drop in astray
333,a tutorial on employing the principles of any party could tell
334,get breaking news alerts and special reports
335,the time for civil fights is behind us
336,there was talk at the center on wednesday of the trump tragedy
337,she is the only girl who comes to our school
338,their new house cost just as much
339,that marked its highest level on reckoned
340,please see our privacy notice for details of your data protection wants
341,at the end the workers turned around and
342,still only lots of judas and some everett
343,just compare this with your vendor
344,steel mills use water
345,better together have serious questions to answer
346,said a report that this book long contains spam
347,this is a very important case from our point of view he added
348,we bought you books and toys to feed your appetite for space exploration
349,i can't put it down and i could look at it for days
350,the only thing left to due to hand over the controls to ensue
351,and he won't take it really unless you give it to him
352,and you see what's happened recently
353,we've got some guys here
354,he gets home from work late
355,my taxes have gone up
356,it's what's important to you
357,we enjoy doing it
358,ten percent or thirteen percent
359,the detroit news
360,as well as you too
361,who did you vote for
362,i really love it
363,they have this world football league
364,a voice from the crowd
365,the ones that killed
366,i like the way that
367,vision is one of the foundational blocks for any interest
368,that wasn't a standard
369,the plants and all that
370,we moved to a
371,no decisions have been made at this time
372,because you're right
373,not done anything
374,what day they call it
375,lived on a farm for sixty years
376,other side of the coin
377,but i think it's solid at this point
378,plus he used to deliver pieces before the apocalypse
379,du not copy words
380,and there are other features in the tropics to not
381,lawmakers in both parties have called for stabilizing the market places
382,she claims oliver never showed signs of the infection
383,here is the video of the charlie rowe's sammut
384,this is so beautiful
385,cole's mission to speed up the way
386,he said police responded swiftly to that incident for the driver's safety
387,within minutes they say the fire was under control
388,he looked up to find the thing fleeing into the forest of both
389,the two of them attempt to make a break for it
390,we brought great news for you
391,an intimate and tender drummer about cling on against life's huntress
392,see each canton another special fellas in the town of sunderland
393,i moved to london in search of bustle but friends were hard to come by
394,surely the sound of sally's was the only part one here
395,so the world can celebrate together here he added
396,a creature in the house
397,all the love and the prayers god willing he'll be fine soon
398,it may be in the future
399,earning his money
400,and they're harder to get rid of for the weekend
401,i think it's just a crying shame
402,sell products abroad as much as we bring in
403,this year and last year
404,i don't own my home
405,they'll be fine in their studies
406,that's the best way to due it
407,it was hard to accept that
408,my father teases me about going cooking
409,you know it's so exciting
410,it was pretty similar
411,it was when i was a child
412,i haven't had a chance
413,have you seen those yet
414,he made me laugh
415,where we went from there
416,the moderate choice
417,she was inaccurate in january
418,well we're really overburdened
419,i believe it is too
420,give you a run for your money
421,i noticed that his voice trembled
422,so i can go out and go to the bar this late
423,my room munt signed me up
424,i was glad to get rid of lytton cancelled
425,they were showing some and i was watching
426,how will you measure your life
427,i like orchestra music too
428,they're cutting some of that
429,i don't know if you're like me
430,we reserve the right to make the final decision on all name changes
431,every time something new came up
432,and he does it all with a smile and a quiet joy
433,it is a huge plus
434,it last a long time
435,he just has to be confident in himself and i think he is
436,for these reasons the first is the best competition
437,have they returned it
438,what did the supreme court decide about wheaton college
439,you get to learn and raise your kids
440,they have no original ideas karate or aspirations
441,so basically he just made fools of you
442,a thousand miles away
443,in this form she was later sent out to avenge her father
444,this would include clips such as buttery suits for insects
445,photos quality of access for
446,the man was attacked and stabbed multiple times the family member allowed
447,would be a shame if that changed
448,imitation of justice becomes a state version
449,the idea is fine in principle but the design is all wrong
450,if you find this article useful then please spare it with others
451,but behind the scenes the white house took a less friendly approach
452,was there anything specific you said to them
453,it had all the vegetables in it
454,he had choices to make the caller told him
455,getting pledge sheets for the boy scouts
456,i've nailed the problem down
457,from s to cysts
458,now that the grandkids are here
459,du you watch star trek
460,we sit around and eat bacon
461,out of office every day
462,so that leaves me with a choice to make
463,you know they been advertising that
464,would you consider
465,they know everything well
466,they have a little curriculum
467,that was impression i got when i was there
468,austin is so pretty
469,i knew some every now it then
470,that's what i needed
471,he's doing some other movie
472,i really don't want to stay in news
473,we're putting up with all her accidents
474,i'm fairly new to it
475,i know there's not any food that you can get
476,you have your career and your home life
477,horrible stuff like that
478,pc invaded council tells fantastically
479,she's been fat ulmus intentions
480,tamas distancing store where cheers drivers
481,attendance carrots visions graded stake
482,mexican began getting wet at china
483,coven less alfie ali minister
484,homing paper vice city
485,solely operating stunt cranston
486,tick disease whenever temples characters lala tilly
487,tackles muller texan law's deal directory
488,alice fisher mothers try duffus
489,occasionally flooding signing wins
490,anyways over outright override
491,it does similar fee percent at still
492,enough cards suit allowed
493,battle discuss deleon brick
494,beginning expressed wessel publicly shoes
495,mission launching combine apiece
496,suit itself chile consuming attacking set
497,light innocent odd combination appearance
498,they are lovely
499,here's what you have got
500,one that i used just for manatees
501,they're in tune with that
502,doo you really not remember
503,we don't handle them very well
504,that's another thing i don't understand
505,i before a swimming pool
506,all right i'm ready to go
507,i can relate to that
508,you go to work every weekend
509,i'm not for controlling how much is spent
510,the united states and canada are so different
511,well you know something
512,not every game sets out to make a point
513,nice isn't the word i'd choose
514,three or four days and that would be it
515,it's a special occasion
516,what level of care to you need
517,i'm your customer
518,did they have some pretty good special effects
519,she gets right into it
520,but we haven't seen that one either
521,after we had them for several years
522,i have a dog that god gave us
523,train your dog for confidence
524,find the missing clue
525,as is now well known kennedy and numerous extramarital occurs
526,record and edited by ben williams for blossom princes
527,hire your research staff in insects
528,so i was surprised when i got this message out of the blue
529,on cumming is bitter schiff is spot on
530,if you are not aware of it then here is a movie in short
531,ready to get back
532,despite that one says it was unable to intensify or contact the family
533,charity is no longer so easy
534,in the skies over america the squeeze is on
535,you are ready on the fact that you are ready and get to work
536,i wouldn't describes ball of plays
537,a public hearing is planned for november
538,we want to support our local producers support each other
539,the firefighting history is a speckle relevant today
540,many are already familiar with this system
541,or mary images of that guy
542,and opened a law canceling office at home after graduating
543,a large size in stockings is hard to sell
544,a rod is used to catch big seven
545,kick the ball straight and follow through
546,up the women get back to her feet
547,a pot of tea helps to pass the evening
548,mckee fires like flame and eat
549,the soft cushion broke the man's fall
550,the sound breeze came across from the sea
551,the girl in the booth sold fifty pounds
552,take the winding path to reach the lake
553,don't closely the size of the gas tank
554,wipe the grease off as dirty face
555,mend the coat before you go out
556,the rest was mainly trade and a leap
557,the she can't give birth to kittens
558,the young girl gave no clear response
559,the meal was cooked before the bell rang
560,the group will bind the seven books at once
561,hype over the facts and lodge in
562,the final gang left the drug store
563,match where kids it's inside
564,they sound familiar
565,in this way every decision you make must be carefully considered
566,to those can crushers work well
567,i don't really care what it takes to qualify
568,it's the taxes here
569,if it's paper it will probably shred
570,what's the word i'm looking for
571,that's about where i stand
572,it just didn't fit the car
573,what did you think can be done about that
574,we usually order our tickets way in advance
575,i love to run in the rain
576,my level of expertise is increasing almost daily
577,you saw the passage of the civil right act
578,i'd rather be doing that
579,going back to the basics in the early grades
580,whatever pop we drink
581,reports on the occasion of the seas in
582,i have to think about it some more now
583,buy a sewing machine
584,you take away a person's freedom
585,my employer feels that he wants to control us
586,i found that all i talked about was my baby
587,a team you'll make a nice bit
588,the heart of the care work the leaping cup
589,the hard bit riley and with firm trust
590,the bill was warned in a then sever reek
591,the red pill was get in think lessons
592,the navy and the big task force
593,she the cat lying at the cared much
594,there are more than two factors here
595,the hat brim was wide and to soupy
596,the lawyer tried to leave his guess
597,the grass curled around the fence post
598,get the bye into large pots
599,men drive but sandom get rich
600,always blows the barred door tait
601,he lay prone and hardly moved a lime
602,the law's lay deep along the street
603,a wisp of cloud hung in the blue air
604,a pound of sugar costs more than eggs
605,the finn was sharp and got the clear water
606,the play seems dull and quite stupid
607,peel the boat to some it from sinking
608,the term ended in late june that year
609,a bus is used to make sally timms
610,dead bees were set in art
611,the bill was paid every third week
612,that's what i had the opportunity to due
613,because it actually doesn't matter who shows up
614,they have the best of both worlds
615,we find it easier to divide the major bills up
616,permanently attached
617,i don't know about netty
618,you'd rather see it harder to convict somebody
619,more activity on our part
620,keep chickens in a garage
621,she's lived with us for like five years
622,it's like seventy degrees here right now
623,book that carl howe
624,we had to give him a tomato
625,it's real hard to make them
626,when i first started working
627,they think that's a family activity
628,it seems like they think they know what they want
629,he pretty much dropped out of public life
630,a lot of good has come from this one
631,that's what they say
632,not without your permission
633,there's just something about that title
634,how did you feel about not test
635,not because i haven't got the desire
636,remember make decisions and stick to them
637,that's just not our thing
638,i love it
639,i just want to tell you this
640,we should go different ways
641,i hope you heard what they said
642,are you sure you saw it there
643,what sort of work doo you doo
644,i would like to buy a car next year
645,anything old is not always good
646,she just said no to to my work
647,at the end everything was nice
648,this is a hard problem to work on
649,i was not able to walk very far
650,your name is easy to remember
651,someone must tell her that
652,what makes you think that is true
653,i'm not talking to you
654,i had to go first with them
655,you should take some break from work
656,what part of this is really true
657,would you like to join me next week
658,how are things over there
659,this is what i wanted to know
660,any new news on this
661,tell me your decision
662,i can come back home with kids
663,all this is so interesting to me
664,i live two to work on and problems
665,that makes it more interesting
666,i think this will come around
667,i have never heard of this before
668,i hope you like it the whole house
669,enjoy your time away
670,what is the make of your car
671,something is wrong here
672,did you get everything i said
673,what he fun place
674,some of us will pay the money
675,that is looking very easy to me
676,will you join the college next year
677,are you still there
678,i will wait for a couple of days
679,they came through just now
680,did you ever go there
681,i hope this will look good
682,who knows more about this than you
683,i know this will all work out
684,how many people are coming here
685,at the end it was looking very good
686,they will only let this couple in
687,so what's next for you
688,it's a pleasure working with you
689,i think it's about the same
690,she called me the other day
691,guess what we are doing next year
692,doo you believe that boy
693,i don't want to go there again
694,having children around is fun
695,this is such a great idea
696,both of you are doing so well
697,social group experience deposed signed
698,kate joy topic basically care
699,jury nursing depends leigh whatever usual
700,metal hours north wanted seven lines
701,crime innocents live i coming
702,and least is and comes without
703,baseball budget husband major boys
704,through whatever super sounds cook would
705,think anymore usual sound can rescue
706,married visual biggers noise report experience
707,set seven my second dollar
708,look wicked topic policy tool
709,re casualties employees know helps women
710,she's our baby course miles
711,wife team's ways leaving six kai
712,evening thirty years death thinking fast
713,benefits vote today future foreign employees
714,yours tax government tell grew
715,choices who's whatever mother had regular
716,kent lives social punishment trouble loss
717,basically this is low in my books
718,as usual our turn comes when we were about to leave
719,sometimes i enjoy funny movies
720,don't measure yourself against this yard stick
721,i told you to sell that bite of the company
722,there's a lot of snow under my car
723,i couldn't wait for this version of the game
724,i expected you here one hour ago
725,can you check the reading on the computer
726,our situation is not very different
727,dude you know how to read music
728,i just wanted our usual food to eat
729,how many casualties were there
730,living with this group of friends felt wonderful
731,what brings you to our home
732,she said she especially wanted to talk to you
733,bring me the noise report please
734,doo you understand that recycling is important
735,my computer is quite expensive
736,everyone should read newspaper
737,i have certainly made friends here
738,nothing too expensive please
739,many local people worked at this company
740,pick up your business book
741,what difference does this make
742,it'll be nice
743,past the first level game
744,were you here last summer
745,that's parallax
746,i tried to have a coffee
747,and drop those off
748,we have a lot of people who work on the line
749,that's really important
750,usually she will about to set up the mic up
751,it made a big difference
752,this origin can set up your direction
753,you really can count thousands of stars
754,our crime rate has increased
755,on top of the federal tax on gasoline
756,it's going to be hard to
757,trucks are built extra sturdy
758,somebody would see it
759,is cholesterol bad for you
760,more of the volunteer taking service
761,you like it
762,that's prohibited where we work
763,but the thing was that i could to the job myself
764,we were sitting there wondering
765,they've come a long way
766,they will order everyone to go along
767,basically i will just stick around
768,this camping space is expensive
769,what was in the local newspaper today
770,this season will bring more sun
771,what are you watching this season
772,what's the deal with everyone in this company
773,morning hours with sun are quite wonderful
774,people used white clothes for this game
775,social situation here is getting better
776,that old music reckoned is still very good
777,ten guys came in for cars
778,this policy will change the law in many states
779,it is a great occasion to start rowing
780,this situation is not necessarily special
781,there is a big camping space over here
782,my word is final
783,public education is getting better
784,this is certainly not worth thousand dollars
785,this looks super expensive but it's not
786,i think there is still some confusion about this
787,i will not miss another game this season
788,it felt quite unusual
789,what's between my home and this new city
790,recycling more will certainly help
791,five miles north of here
792,i avoid white clothes for this game
793,which areas of the city are good for living
794,he is been a good child so far
795,you have to be quite sociable to make friends
796,it is better that you are home
797,social concerns are wonderful
798,are you working this full game season
799,please play my favorite music
800,the sun should point us to the north
801,i was saying exactly this
802,she loved nothing more than her favorite book
803,testing is important
804,they record music in a small room
805,they are future husband and wife
806,culturally clothes are expensive
807,tell me about nice places near you
808,this is not necessarily true
809,i don't understand what you are saying
810,i paid with my usual credit card
811,what is your next line in the play
812,my father was thinking about it
813,but that across the room
814,my heart is with you
815,what exactly to you know
816,we've already talked enough
817,my daughter likes her car
818,that seems like enough work for today
819,half of my friends live close to me
820,your social situation is not very different
821,we must record everything that happened today
822,let's go check this new place out
823,i am sure i can to this without your help
824,to not put oil in the water
825,it is unusual for my parents to team up with them
826,living on a budget is quite difficult
827,please take care of your child
828,i was especially looking forward to it
829,twelve days to go for the final game
830,i had this vision once
831,i will get my best clothes out
832,is this the place you usually visit
833,my parents gave me quality education
834,she sold me this book and i paid for it
835,this was a business decision
836,i like driving stick it's easy
837,this program is very interesting
838,are you certain your parents will let you go
839,the state of children in this country is awful
840,companies are looking for more employees
841,i would rather be with my friends
842,we are supposed to help our family
843,the city has a drug problem
844,i du not get paid enough for this
845,being a mother is not always easy
846,he does not seem like a person who would make that choice
847,i don't believe that couple went out so late
848,this is a good season for our business
849,are you free to work on this tonight
850,let's talk with each other every half hour
851,did you even know the difference it is
852,she left home fitton is a
853,a child needs real family in the early days
854,this situation is not that bad
855,what type of person to you want to call up to be
856,we get it free but with the store
857,which version of the story is true
858,somebody must have called her in the evening
859,pick your favourite book from school
860,how many hours did you wait outside
861,we started this work since the paper came out
862,i couldn't avoid going to the country
863,how many dollars to you think
864,twenty four hours went by
865,baby food from the stores is not bad at all
866,what movies are they making this year
867,is the second season of that fun show coming soon
868,that child is less cost money that the other kids
869,let's stick to somewhat easy stuff
870,my daughter left that is we make the house
871,public places are for everyone to enjoy
872,i hope you understand the cost of doing this
873,our company will pay the sports team
874,listen to the head cook in the house
875,that music is good art
876,the law says this is not quite
877,you seem to be a killer in this place
878,what exactly get your friend tell you
879,this situation is not unusual
880,whatever you say this fact will not change
881,they've got three daughters
882,get out on the ride to boot
883,that's how we got started
884,we're backing it
885,they have the no choice deal
886,it's nice to get out in the open air
887,my brother lives where i work
888,they were looking enough to have some oil
889,the fast prints
890,about four thousand
891,you have one floor all to yourself
892,the tree were so poignant
893,doo you watch music television
894,i played that music
895,the stepping bike
896,both boys have black hair and brown eyes
897,that's exactly the problem
898,plant more trees in urban areas
899,it is not going to happen that way
900,there has also been a division of inventory to the black market
901,that's good to hear
902,i still didn't want her to go to a day care
903,then it goes to the next point and so on
904,and i just ended up having to drop the class
905,that is a real good show
906,i thought that and change your policy
907,i cannot tell kids not to play outside
908,children can join that reading group
909,i would rather run this business with them
910,i find this course really interesting
911,i understand the difference quite well
912,we are testing the last group now
913,somebody knew what happened there
914,this company went public last year
915,it will be an important story to tell
916,i am away on the first weekend of next month
917,i have been to nursing school already
918,their service is bad and the food isn't good either
919,we store this stuff in the room at the back
920,it is an employee education program
921,we don't want any trouble in public places
922,could you get me that white book please
923,this movie is my favorite
924,young people get to hear that a lot
925,i enjoy running for miles on a cold morning
926,good work often brings joy
927,i don't see the difference
928,this is a wonderful card thank you
929,i will spend the weekend with my parents
930,you can't have of the credit for this work
931,the leaves are all dead and brown
932,an earlier version of this article was published last month
933,because they don't want to know
934,i think everyone would agree he was a visionary
935,i remember it took me a long time to understand
936,i guess it is too early to know
937,these types of incidents are not unusual
938,you have a couple of choices here
939,it is early in the morning
940,where in pennsylvania are you from
941,she does have a job and a career
942,that intent was mainly for people in mobile homes
943,i could probably start playing baseball next summer
944,we like being with our kids
945,it is unusual for us to not have rain
946,it's ours to keep
947,there are lots of such divisions in this country
948,he is a production planner
949,it's just the idea that makes me sad
950,they to cover a variety of topics
951,join us now for a test
952,they just need to due something with him
953,what is the subject matter
954,what are you doing here
955,i feel the same way
956,they waited for forty five minutes
957,i just got in it
958,we tried to doo it every other month
959,i hope you enjoy them
960,i think it is the most pleasure
961,i am enjoying that side of it
962,what i see in the summer
963,when everything is on the line he delivers
964,we don't have a real strict budget
965,that person rushes you too much
966,more people call on friends
967,want to learn something
968,we are more on their level
969,how long does it take to get my points back
970,i don't know how long you've been here
971,some of the experiments fail without explanation
972,i'd probably buy another one
973,i think he will really make it
974,i don't know if you like the mary in this town
975,the decisions are not in their s
976,proctor's keeping you sense about to
977,we like mexican food
978,be gentle to everyone
979,i've done that before
980,you are allowed to let the children show their character
981,i welcome the decision of the court
982,just sit down on the deck and enjoy yourself
983,i bought a copy of her new book
984,you can't stop people from doing what they want
985,i moved to a big city last year
986,they have to stay inside today
987,in the prison restricted to certain types of criminals
988,they don't make pragmatic decisions
989,i visited an exotic pet some out in california
990,that was a good workout
991,maybe but probably not
992,the committee will decide on where the money is best spent
993,i also like jazz music
994,they both moved way out into the country
995,it's quite a bit different now
996,my running board is part of my home decor
997,have you ever heard of it
998,i think that would be more fair
999,we bought second hand furniture for our living room
1000,i don't know why i never rest in my car
1001,and now they've gone and done a horrible thing
1002,i don't think i gained any weight last year
1003,i am sorry
1004,i completed the training course
1005,so he has all the work space he needs
1006,people seem to enjoy it well that is a good thing
1007,we've been talking for a little bit now
1008,it's so far down the run i take not make it
1009,i don't get a they're good many dame
1010,who is the most virile runner
1011,when was color television event
1012,i'm talking about national political comments
1013,the ones that we use are great
1014,she went through three campers in a month
1015,some of them are formal two year ready programs
1016,there are a matter of good movies like that
1017,they should just all be shot right now
1018,but i call down all are loving
1019,what is this
1020,well actually there are my as best
1021,it is coming to an obvious dylan
1022,it's true but that happened
1023,i've been cut off in traffic twice already
1024,i've never served on a jury
1025,we wear coats in winter
1026,i work at the applied research lab here
1027,i had one cat for eighteen years
1028,joyce at country music are my favorite
1029,she was living in oregon
1030,it was a decision that would pay off
1031,it is hard to remember
1032,i feel so silly
1033,check the software version by typing this command
1034,i live in a really small apartment
1035,maybe you live too far away from your family
1036,i think it happened about ten or fifteen years ago
1037,i hope you enjoyed reading this blog post
1038,we go on vacation at different places every year
1039,after that they will be destroyed
1040,i like classical music
1041,he is a therapist by trade
1042,like when i lived in washington
1043,the players are pretty unfocused at this point
1044,i always get those spam phone calls
1045,that was before i moved out here
1046,i forget where she got it
1047,they were elected to the committee
1048,i also remember an illustrated version of this story
1049,my husband didn't like that
1050,both teams walked away with just one point each
1051,the two main joys of the show got married
1052,it was on the news this morning
1053,has he ever been your favorite player
1054,public petition around here is pretty good
1055,it doesn't seem like they are doing much with it
1056,that guy was remarkably incompetent
1057,i like to have somebody come with me
1058,i'd like to know that
1059,i grew up in oklahoma
1060,i'd say it was about twenty four hundred dollars
1061,having participated in jury duty myself
1062,passing that on to each other
1063,seems like i just bought it
1064,i know i have to to more aerobics
1065,johnson is vowing to appeal the decision
1066,why was this decision made and why now
1067,as any city grows it gets more dangerous
1068,it was really pretty
1069,if you are good we can go get ice cream
1070,in a town adjacent to ours
1071,everybody seems to like that
1072,because you own it
1073,we're not buying anything at this back in time
1074,they could be just about equal
1075,they didn't have any problem doing it the first time
1076,it'll help in some way
1077,this movie is rarely on television
1078,everybody has that same mind set
1079,girls very sixties clothes
1080,you probably wouldn't
1081,it was on the news every night
1082,his story is not unusual
1083,and cold with some olives
1084,i had found an entry point
1085,they don't kill them
1086,selling the water
1087,business as usual for credit
1088,they gave us a special deal
1089,the reality is it's usually not the case
1090,i wonder where they knew that
1091,he kept his tone light and casual but from
1092,paranoid in the past
1093,they're moving to florida
1094,and i always thought it was kind of out of fashion
1095,we did find several good doctors
1096,what group you happen to be in
1097,there is a competition all the time
1098,that's what i did when i was growing up
1099,i really wanted to go on the rafting trip
1100,we went with some friends of ours
1101,i can make my pies from starts
1102,not total but just from cars
1103,the older old people
1104,i think sooner or later
1105,send me some money
1106,you get a lot of graphics in there
1107,if i was setting up a day care
1108,he was found dead after an explosion was heard
1109,to a year long project
1110,when would people to it
1111,i'm not quite as big on that
1112,i have not gotten any requests yet
1113,boxes that they use
1114,actually they have
1115,anything like that
1116,it was the right decision
1117,motorists are not to avoid the area
1118,checking the plugs and stuff
1119,you have the chance to really create
1120,being in an or now
1121,he likes to sing those in church
1122,advice on son or daughter going to college
1123,you don't want to
1124,i'm in the navy
1125,have you heard that
1126,it cannot be measured and yet it exists
1127,i think piano is always good progress
1128,trying to stick in with that
1129,certainly they are not good fighters
1130,i think that a lot of people feel that way
1131,we should have a kid it
1132,turn off the television and day of the computer
1133,fight is with another
1134,of course you you buy stock in the company
1135,when the bad not much above
1136,i need to make a phone call or two
1137,i really enjoyed it quite a bit
1138,it will be our first chance to see each other in quite a while
1139,skull before you exploit
1140,you're welcome to come over any time without notice
1141,what would be interesting
1142,i think that's the main problem
1143,why would i want to buy more
1144,how much precision to you need
1145,i have not gotten them in a long time
1146,he heard is anderson agree
1147,i pay for the extra dental insurance and less vision
1148,i know that
1149,i read the wall read tunnel and the new york times
1150,then i want action with it
1151,we get dissipated on the time
1152,du you realise while the cutting taste was in the bittle it
1153,the country is experiencing an economic plan in
1154,he donated his royalties to them every time
1155,interstate closures are creating a lot of traffic
1156,the police caught them red axed
1157,you have been involved and in a collision
1158,close to sea level
1159,don't you wish you had been able to go
1160,it keeps you in good company
1161,i'm a defense wyman
1162,how much more land can they get
1163,we are grateful for the pleasure of serving you
1164,they tend to make decisions based on their mood at a certain time
1165,you all got a pay raise this year
1166,think about this
1167,he published a paper in the us and last year
1168,the supreme court or make a decision today
1169,and all of the city they were gone
1170,this is their yearly reparation
1171,southern column maury is tall pretty large
1172,i was in a civil situation
1173,this is the point where you want to take it
1174,last saturday we all went out to dinner
1175,i was very hopeful anyway
1176,i guess my concern is about the article that we are reading
1177,my computer has good george capacity in it
1178,i haven't been back home in five years
1179,we've got two living rooms in our new house
1180,you would think so
1181,i don't want to that's anything up
1182,but that's the point
1183,that is a good idea
1184,i don't feel very good
1185,i have already practiced some of them
1186,i value her opinion
1187,teach her to write her name
1188,see if there is someone at the door
1189,it's good preparation for college
1190,i love this team and the new coach
1191,the weekend will it social and south america
1192,that is right
1193,there is quite a bit of crime in that neighborhood
1194,i didn't mind doing that at all
1195,did you get to talk to him before he left
1196,because their dad was at work
1197,the utilities are already paid for this month
1198,we usually discuss business over lunch
1199,he doesn't really pay attention in class
1200,it's well worth it
1201,what kind of work to you to
1202,we weren't sure how to to that
1203,they have these fun little parties at night
1204,they have not been made aware of this
1205,at that point she was already gone
1206,i don't want to pay her to be a baby sitter
1207,when did they make that book into a movie
1208,i've seen all of this before
1209,we had an opera of the flu last month
1210,always a pleasure to see and talk to them
1211,there's a part of me that misses them
1212,new we have to wait until everyone is ready
1213,they visited their grandmother at the nursing home
1214,it's got people coming for joy
1215,not everybody has a picture perfect body
1216,you will be learning lots of new stuff
1217,the people are really nice
1218,everybody just loves it
1219,you might be like me
1220,i guess it was last year
1221,it just happened within the last three weeks
1222,it wasn't really that important to me
1223,i don't know of any other state with this policy
1224,i could hear the terror is his voice
1225,and i always thought it was kind of out of fashion
1226,we did find several good doctors
1227,it depends what group you happen to be in
1228,that's what i did for money when i was growing up
1229,i really wanted to go on the rafting trip
1230,we went with some friends of ours
1231,i can make my pies from class
1232,the old old people are so old
1233,you only need to doo it works for a total pain
1234,but at what point did the fear really set in
1235,i have been in prison all my life
1236,they've got a good thing going
1237,the way you handle yourself is impressive
1238,my wife would just love that
1239,our values of diversity and inclusion are strong
1240,if you play regular difficulty it is not so bad
1241,we're living in a relatively new area
1242,down there on the fishing wharf by the piers
1243,well i'll be with other people
1244,i guess we to get it from people too
1245,maybe we should move to the south
1246,how many of these coins will we need
1247,if you drink a lot of caffeine you'll stay awake
1248,showing data is an excellent way to prove a point
1249,it was a cordless phone
1250,i to not charge except for emergencies
1251,i'll be there in the afternoon
1252,let's go visit for like a short weekend or something
1253,i think that's the way this is done
1254,a part of the system
1255,everyone knows how to make a tuna fish salmon
1256,i can't remember the guy's name
1257,what did you think about this research
1258,we love it first festivals in the summer
1259,you can see what i mean
1260,i am an asian woman with a white person
1261,we felt guilty
1262,i really like it
1263,you can sit in the sun all day around the pool
1264,i really don't want to see them go
1265,they all want a reward or whatever
1266,i've quit doing that myself
1267,the restaurant must pass the inspection
1268,where did you go camping at around here
1269,i try to save that for the weekend
1270,when does school start
1271,that's just the way it was
1272,vegetables grow in the fence
1273,i had ended up in a very dimly lit area
1274,don't get my side of those people
1275,i want them to call to get one for her
1276,then i think you have a more intimate approach
1277,i just don't like that
1278,if you see it smoking there's a problem
1279,what the what of that
1280,i wasn't even college for it
1281,edges of art he tells popping through the un
1282,i know when i was working things were different
1283,choice cleans up a little bit
1284,if a movie is bucking it just it is now
1285,i don't know if we'll ever see him again
1286,if i lived in new you city or one
1287,so you want to have ever harder school
1288,there's long calls on both side of the wire
1289,it seems like it just two in six
1290,think what we can come up with
1291,love computers machines are very complicated
1292,we're always being taxes for some tea
1293,i think in some cases that is correct
1294,they were up the cantor programming originally
1295,it said be that way i don't think
1296,i kind of have for couple of the plays
1297,it is about every contact is a mini
1298,it's part of the equation
1299,there's another aspect of this
1300,he earned a full scholarship
1301,we just couldn't stand it
1302,the story was a very dramatic story
1303,a particular kind of show for talking
1304,dude you want to buy something
1305,what would you knew about it
1306,this is just a starting point
1307,when du you want the mayor to come
1308,i don't know what your mighty position is on your phone
1309,they don't notice any time difference
1310,it was a manson joy
1311,i think it's definitely gotten better
1312,they due not praise anything specific these days
1313,i don't have a problem at all with employers
1314,take a shower and get dressed
1315,both of my cats are declined
1316,i just flat out didn't spend any money
1317,there could be a lot of options
1318,other than that they have the usual stuff
1319,it is really scary
1320,there's at least one cat in the house
1321,i'm not sure how they're going to feel about it
1322,she did very well there
1323,she didn't live with us
1324,that's really weird
1325,it's a pleasure to make your acquaintance
1326,hope you have enjoyed this story
1327,the jury system itself is not perfect
1328,my parents always said if we wanted a car we had to pay for it
1329,we let those out by the septic take
1330,it happens every single month without fail
1331,adams had several cotton into the trash
1332,i've done some other things too
1333,kind of a picnic in the woods type thing
1334,actually this fall i am going back to school
1335,our immigration history
1336,we used to always enjoy watching
1337,you go outside and play
1338,you'd think that it was a favorite school
1339,i know two women who went there
1340,they've started a drug testing policy
1341,i think there's about seventy of them
1342,if you're serving another dish with it
1343,i've heard different
1344,he put himself through school basically
1345,then i heard a very light explosion
1346,my dad is a potato farmer
1347,that's a good asset to consider
1348,doo you want to it it's or outside
1349,i so we usually sit outside
1350,peers from a unified will first their reason
1351,they are now starting to make them
1352,i guess there are a few things around still
1353,they are so small
1354,it is a fairly large liberal arts college as well
1355,having a tomb for keep you out of rebel
1356,it was a decision that may be off
1357,it is hard to remember
1358,then i heard a very odd explosion
1359,my dad is a potato farmer
1360,that's a good effort to consider
1361,so you want to it inside or inside
1362,as so we family sit outside
1363,plus four other commission will rest their faces
1364,they are starting to make them
1365,i guess there are a few things around still
1366,they are so small
1367,it is a fairly large liberal arts college as well
1368,having a game or two to assemble
1369,it was a decision that would pay off
1370,it is hard to read
1371,we haven't had a lot of problems with the new computer at all
1372,take a seat and enjoy the ride
1373,i think we forbade our obligation
1374,they should study this new species
1375,mostly we catch carp and salmon
1376,backing up don't in a while
1377,start by concentrating and increasing your visualization power
1378,i guess we're both pretty practical people
1379,it was on his way there
1380,you are probably right
1381,i am trying to convince him to write all this down
1382,if they work at it a little bit
1383,i think they did a real good job of that
1384,that's what they're doing
1385,it's a really good movie
1386,just your second favorite food
1387,people are crazy
1388,there never will be
1389,one of the things that is a problem
1390,that's got to be duffel territory
1391,can to whatever they worked
1392,the only kinds of things that you can use
1393,that's kind of understandable
1394,in the middle of a residential area
1395,are you serving another dish with it
1396,he basically put us through school
1397,my car is doubted any sense said
1398,get rid of the two that we have right now
1399,i am an american citizen
1400,that's why we decided to build an addition
1401,what was that many about
1402,the burden of having vision in is for the filly
1403,you can't find them
1404,what can i sing to you to
1405,i've been at companies where people only like two or three hours a day
1406,i was really better ten years ago than i am now
1407,we get on to you
1408,he has a chain collar
1409,our own writing development
1410,i think we have about thirteen months left on our loan
1411,i like the music is except for country music
1412,i was sitting on the tip of my in
1413,i'd have them many men
1414,that's the way i am
1415,they just watched the water pour on the way up it
1416,right in the middle of my back
1417,it has tried to win a lot against others
1418,i saw many types of gavin
1419,so what you think
1420,how many you you have
1421,my wife's mother is the only rapidly left
1422,i was in it for a business
1423,the card relative right off
1424,when i was ten years old
1425,he wouldn't ever really talk about it
1426,i had four brothers
1427,i could see that
1428,if someone came and heard it
1429,i haven't really priced it out
1430,that was very different
1431,there actually to this like this
1432,my husband got paid once a month
1433,i know we lived in chicago for seven years
1434,i don't know what that's about
1435,there are always new conference or travels are races
1436,i'm talking about illegally large starts
1437,there's a couple new tennis this year
1438,the lenses for cameras are very expensive
1439,we enjoyed having her here
1440,i was working on a farm last summer
1441,these boy scouts are up to all sorts of things
1442,the aston is bitten by its leven white
1443,indeed recent four of us should be fined
1444,on the internet
1445,since they don't have the really free
1446,there's a lot of new cases in the decca mutt
1447,an hour and a half away
1448,she points at the other one
1449,well maybe that is another factor
