nbest,n_lw,lm_weights,cv_wer_%,tune_wer_%,ng,nw,mean_pool,verify_wer_%,gap_vs_best_pp,gap_se_pp
25,5,1.5 3 3.5 4.5 5.5,4.985,4.866,2.1,-2.75,44.568,4.619,0.0,0.0
25,5,1.5 2.5 3.5 4.5 5.5,4.985,4.866,2.1,-2.75,45.036,4.726,0.0,0.0
25,6,1.5 2.5 3 3.5 4.5 5.5,4.985,4.866,2.1,-2.75,45.412,4.726,0.0,0.0
25,6,0.5 1.5 3 3.5 4.5 5.5,4.985,4.866,2.1,-2.75,56.242,4.619,0.0,0.0
25,6,0.5 1.5 2.5 3.5 4.5 5.5,4.985,4.866,2.1,-2.75,56.705,4.726,0.0,0.0
25,7,0.5 1.5 2.5 3 3.5 4.5 5.5,4.985,4.866,2.1,-2.75,57.076,4.726,0.0,0.0
50,5,1.5 3 3.5 4.5 5.5,4.985,4.866,2.1,-2.75,87.155,4.511,0.0,0.0
50,5,1.5 2.5 3.5 4.5 5.5,4.985,4.866,2.1,-2.75,87.671,4.619,0.0,0.0
50,6,1.5 2.5 3 3.5 4.5 5.5,4.985,4.866,2.1,-2.75,88.795,4.619,0.0,0.0
50,6,0.5 1.5 3 3.5 4.5 5.5,4.985,4.866,2.1,-2.75,112.215,4.511,0.0,0.0
50,6,0.5 1.5 2.5 3.5 4.5 5.5,4.985,4.866,2.1,-2.75,112.72,,,
50,7,0.5 1.5 2.5 3 3.5 4.5 5.5,4.985,4.866,2.1,-2.75,113.842,,,
75,5,1.5 3 3.5 4.5 5.5,4.985,4.866,2.1,-2.75,127.37,,,
75,5,1.5 2.5 3.5 4.5 5.5,4.985,4.866,2.1,-2.75,128.349,,,
75,6,1.5 2.5 3 3.5 4.5 5.5,4.985,4.866,2.1,-2.75,130.295,,,
100,5,1.5 3 3.5 4.5 5.5,4.985,4.866,2.1,-2.75,165.775,,,
75,6,0.5 1.5 3 3.5 4.5 5.5,4.985,4.866,2.1,-2.75,166.3,,,
75,6,0.5 1.5 2.5 3.5 4.5 5.5,4.985,4.866,2.1,-2.75,167.261,,,
100,5,1.5 2.5 3.5 4.5 5.5,4.985,4.866,2.1,-2.75,167.861,,,
75,7,0.5 1.5 2.5 3 3.5 4.5 5.5,4.985,4.866,2.1,-2.75,169.203,,,
100,6,1.5 2.5 3 3.5 4.5 5.5,4.985,4.866,2.1,-2.75,170.594,,,
100,6,0.5 1.5 3 3.5 4.5 5.5,4.985,4.866,2.1,-2.75,218.618,,,
100,6,0.5 1.5 2.5 3.5 4.5 5.5,4.985,4.866,2.1,-2.75,220.678,4.619,0.0,0.0
100,7,0.5 1.5 2.5 3 3.5 4.5 5.5,4.985,4.866,2.1,-2.75,223.409,,,
25,4,1.5 3 3.5 4.5,4.998,4.893,2.1,-2.75,42.712,,,
25,4,1.5 2.5 3.5 4.5,4.998,4.893,2.1,-2.75,43.181,,,
25,4,1.5 3 3.5 5.5,4.998,4.879,2.1,-2.75,43.201,,,
25,4,1.5 3 4.5 5.5,4.998,4.879,2.1,-2.75,43.506,,,
25,5,1.5 2.5 3 3.5 4.5,4.998,4.893,2.1,-2.75,43.56,,,
25,5,1.5 2.5 3 3.5 5.5,4.998,4.879,2.1,-2.75,44.046,,,
25,5,1.5 2.5 3 4.5 5.5,4.998,4.879,2.1,-2.75,44.369,,,
25,5,0.5 1.5 3 3.5 4.5,4.998,4.893,2.1,-2.75,54.385,,,
25,5,0.5 1.5 2.5 3.5 4.5,4.998,4.893,2.1,-2.75,54.85,,,
25,5,0.5 1.5 3 3.5 5.5,4.998,4.879,2.1,-2.75,54.875,,,
25,5,0.5 1.5 3 4.5 5.5,4.998,4.879,2.1,-2.75,55.181,,,
25,6,0.5 1.5 2.5 3 3.5 4.5,4.998,4.893,2.1,-2.75,55.225,,,
25,6,0.5 1.5 2.5 3 3.5 5.5,4.998,4.879,2.1,-2.75,55.711,,,
25,6,0.5 1.5 2.5 3 4.5 5.5,4.998,4.879,2.1,-2.75,56.034,,,
50,4,1.5 3 3.5 4.5,4.998,4.893,2.1,-2.75,84.464,,,
50,4,1.5 3 4.5 5.5,4.998,4.879,2.1,-2.75,84.887,,,
50,4,1.5 3 3.5 5.5,4.998,4.879,2.1,-2.75,84.943,,,
50,4,1.5 2.5 3.5 4.5,4.998,4.893,2.1,-2.75,84.988,,,
50,5,1.5 2.5 3 3.5 4.5,4.998,4.893,2.1,-2.75,86.114,,,
50,5,1.5 2.5 3 4.5 5.5,4.998,4.879,2.1,-2.75,86.548,,,
50,5,1.5 2.5 3 3.5 5.5,4.998,4.879,2.1,-2.75,86.585,,,
50,5,0.5 1.5 3 3.5 4.5,4.998,4.893,2.1,-2.75,109.525,,,
50,5,0.5 1.5 3 4.5 5.5,4.998,4.879,2.1,-2.75,109.949,,,
50,5,0.5 1.5 3 3.5 5.5,4.998,4.879,2.1,-2.75,110.004,,,
50,5,0.5 1.5 2.5 3.5 4.5,4.998,4.893,2.1,-2.75,110.037,,,
50,6,0.5 1.5 2.5 3 3.5 4.5,4.998,4.893,2.1,-2.75,111.16,,,
50,6,0.5 1.5 2.5 3 4.5 5.5,4.998,4.879,2.1,-2.75,111.596,,,
50,6,0.5 1.5 2.5 3 3.5 5.5,4.998,4.879,2.1,-2.75,111.631,,,
75,4,1.5 3 3.5 4.5,4.998,4.893,2.1,-2.75,123.884,,,
75,4,1.5 3 4.5 5.5,4.998,4.879,2.1,-2.75,124.117,,,
75,4,1.5 3 3.5 5.5,4.998,4.879,2.1,-2.75,124.696,,,
75,4,1.5 2.5 3.5 4.5,4.998,4.893,2.1,-2.75,124.879,,,
75,5,1.5 2.5 3 3.5 4.5,4.998,4.893,2.1,-2.75,126.828,,,
75,5,1.5 2.5 3 4.5 5.5,4.998,4.879,2.1,-2.75,127.07,,,
75,5,1.5 2.5 3 3.5 5.5,4.998,4.879,2.1,-2.75,127.624,,,
100,4,1.5 3 3.5 4.5,4.998,4.893,2.1,-2.75,161.644,,,
100,4,1.5 3 4.5 5.5,4.998,4.879,2.1,-2.75,161.742,,,
75,5,0.5 1.5 3 3.5 4.5,4.998,4.893,2.1,-2.75,162.813,,,
100,4,1.5 3 3.5 5.5,4.998,4.879,2.1,-2.75,162.919,,,
75,5,0.5 1.5 3 4.5 5.5,4.998,4.879,2.1,-2.75,163.053,,,
75,5,0.5 1.5 3 3.5 5.5,4.998,4.879,2.1,-2.75,163.627,,,
100,4,1.5 2.5 3.5 4.5,4.998,4.893,2.1,-2.75,163.746,,,
75,5,0.5 1.5 2.5 3.5 4.5,4.998,4.893,2.1,-2.75,163.792,,,
75,6,0.5 1.5 2.5 3 3.5 4.5,4.998,4.893,2.1,-2.75,165.736,,,
75,6,0.5 1.5 2.5 3 4.5 5.5,4.998,4.879,2.1,-2.75,165.984,,,
100,5,1.5 2.5 3 3.5 4.5,4.998,4.893,2.1,-2.75,166.482,,,
75,6,0.5 1.5 2.5 3 3.5 5.5,4.998,4.879,2.1,-2.75,166.533,,,
100,5,1.5 2.5 3 4.5 5.5,4.998,4.879,2.1,-2.75,166.574,,,
100,5,1.5 2.5 3 3.5 5.5,4.998,4.879,2.1,-2.75,167.74,,,
100,5,0.5 1.5 3 3.5 4.5,4.998,4.893,2.1,-2.75,214.49,,,
100,5,0.5 1.5 3 4.5 5.5,4.998,4.879,2.1,-2.75,214.591,,,
100,5,0.5 1.5 3 3.5 5.5,4.998,4.879,2.1,-2.75,215.763,,,
100,5,0.5 1.5 2.5 3.5 4.5,4.998,4.893,2.1,-2.75,216.567,,,
100,6,0.5 1.5 2.5 3 3.5 4.5,4.998,4.893,2.1,-2.75,219.301,,,
100,6,0.5 1.5 2.5 3 4.5 5.5,4.998,4.879,2.1,-2.75,219.396,,,
100,6,0.5 1.5 2.5 3 3.5 5.5,4.998,4.879,2.1,-2.75,220.555,,,
25,3,1.5 3 5.5,5.011,4.893,2.1,-2.75,41.319,,,
25,3,1.5 3 4.5,5.011,4.906,2.1,-2.75,41.642,,,
25,4,1.5 2.5 3 5.5,5.011,4.893,2.1,-2.75,42.188,,,
25,4,1.5 2.5 3 4.5,5.011,4.906,2.1,-2.75,42.51,,,
25,4,1.5 2.5 4.5 5.5,5.011,4.893,2.1,-2.75,42.976,,,
25,4,1.5 2.5 3.5 5.5,5.011,4.893,2.1,-2.75,43.658,,,
25,4,0.5 1.5 3 5.5,5.011,4.893,2.1,-2.75,52.995,,,
25,4,0.5 1.5 3 4.5,5.011,4.906,2.1,-2.75,53.317,,,
25,5,0.5 1.5 2.5 3 5.5,5.011,4.893,2.1,-2.75,53.855,,,
25,5,0.5 1.5 2.5 3 4.5,5.011,4.906,2.1,-2.75,54.175,,,
25,5,0.5 1.5 2.5 4.5 5.5,5.011,4.893,2.1,-2.75,54.65,,,
25,5,0.5 1.5 2.5 3.5 5.5,5.011,4.893,2.1,-2.75,55.327,,,
50,3,1.5 3 5.5,5.011,4.893,2.1,-2.75,81.304,,,
50,3,1.5 3 4.5,5.011,4.906,2.1,-2.75,82.193,,,
50,4,1.5 2.5 4.5 5.5,5.011,4.893,2.1,-2.75,82.895,,,
50,4,1.5 2.5 3 5.5,5.011,4.893,2.1,-2.75,82.968,,,
50,4,1.5 2.5 3 4.5,5.011,4.906,2.1,-2.75,83.863,,,
50,4,1.5 2.5 3.5 5.5,5.011,4.893,2.1,-2.75,85.451,,,
50,4,0.5 1.5 3 5.5,5.011,4.893,2.1,-2.75,106.366,,,
50,4,0.5 1.5 3 4.5,5.011,4.906,2.1,-2.75,107.255,,,
50,5,0.5 1.5 2.5 4.5 5.5,5.011,4.893,2.1,-2.75,107.95,,,
50,5,0.5 1.5 2.5 3 5.5,5.011,4.893,2.1,-2.75,108.016,,,
50,5,0.5 1.5 2.5 3 4.5,5.011,4.906,2.1,-2.75,108.912,,,
50,5,0.5 1.5 2.5 3.5 5.5,5.011,4.893,2.1,-2.75,110.5,,,
75,3,1.5 3 5.5,5.011,4.893,2.1,-2.75,119.748,,,
75,3,1.5 3 4.5,5.011,4.906,2.1,-2.75,120.623,,,
75,4,1.5 2.5 4.5 5.5,5.011,4.893,2.1,-2.75,121.335,,,
75,4,1.5 2.5 3 5.5,5.011,4.893,2.1,-2.75,122.707,,,
75,4,1.5 2.5 3 4.5,5.011,4.906,2.1,-2.75,123.596,,,
75,4,1.5 2.5 3.5 5.5,5.011,4.893,2.1,-2.75,125.667,,,
100,3,1.5 3 5.5,5.011,4.893,2.1,-2.75,156.839,,,
100,3,1.5 3 4.5,5.011,4.906,2.1,-2.75,157.609,,,
75,4,0.5 1.5 3 5.5,5.011,4.893,2.1,-2.75,158.686,,,
100,4,1.5 2.5 4.5 5.5,5.011,4.893,2.1,-2.75,158.938,,,
75,4,0.5 1.5 3 4.5,5.011,4.906,2.1,-2.75,159.56,,,
75,5,0.5 1.5 2.5 4.5 5.5,5.011,4.893,2.1,-2.75,160.254,,,
75,5,0.5 1.5 2.5 3 5.5,5.011,4.893,2.1,-2.75,161.623,,,
100,4,1.5 2.5 3 5.5,5.011,4.893,2.1,-2.75,161.676,,,
100,4,1.5 2.5 3 4.5,5.011,4.906,2.1,-2.75,162.462,,,
75,5,0.5 1.5 2.5 3 4.5,5.011,4.906,2.1,-2.75,162.511,,,
75,5,0.5 1.5 2.5 3.5 5.5,5.011,4.893,2.1,-2.75,164.581,,,
100,4,1.5 2.5 3.5 5.5,5.011,4.893,2.1,-2.75,165.0,,,
100,4,0.5 1.5 3 5.5,5.011,4.893,2.1,-2.75,209.688,,,
100,4,0.5 1.5 3 4.5,5.011,4.906,2.1,-2.75,210.462,,,
100,5,0.5 1.5 2.5 4.5 5.5,5.011,4.893,2.1,-2.75,211.77,,,
100,5,0.5 1.5 2.5 3 5.5,5.011,4.893,2.1,-2.75,214.497,,,
100,5,0.5 1.5 2.5 3 4.5,5.011,4.906,2.1,-2.75,215.287,,,
100,5,0.5 1.5 2.5 3.5 5.5,5.011,4.893,2.1,-2.75,217.817,,,
25,4,3 3.5 4.5 5.5,5.024,4.906,2.1,-2.75,33.441,,,
25,4,2.5 3.5 4.5 5.5,5.024,4.906,2.1,-2.75,36.616,,,
25,5,2.5 3 3.5 4.5 5.5,5.024,4.906,2.1,-2.75,37.004,,,
25,4,1.5 3.5 4.5 5.5,5.024,4.906,2.1,-2.75,43.42,,,
25,5,0.5 3 3.5 4.5 5.5,5.024,4.906,2.1,-2.75,51.954,,,
25,5,0.5 2.5 3.5 4.5 5.5,5.024,4.906,2.1,-2.75,53.635,,,
25,6,0.5 2.5 3 3.5 4.5 5.5,5.024,4.906,2.1,-2.75,54.014,,,
25,5,0.5 1.5 3.5 4.5 5.5,5.024,4.906,2.1,-2.75,55.102,,,
50,4,3 3.5 4.5 5.5,5.024,4.906,2.1,-2.75,63.268,,,
50,4,2.5 3.5 4.5 5.5,5.024,4.906,2.1,-2.75,69.372,,,
50,5,2.5 3 3.5 4.5 5.5,5.024,4.906,2.1,-2.75,70.516,,,
50,4,1.5 3.5 4.5 5.5,5.024,4.906,2.1,-2.75,83.602,,,
75,4,3 3.5 4.5 5.5,5.024,4.906,2.1,-2.75,90.778,,,
75,4,2.5 3.5 4.5 5.5,5.024,4.906,2.1,-2.75,100.201,,,
75,5,2.5 3 3.5 4.5 5.5,5.024,4.906,2.1,-2.75,102.163,,,
50,5,0.5 3 3.5 4.5 5.5,5.024,4.906,2.1,-2.75,102.22,,,
50,5,0.5 2.5 3.5 4.5 5.5,5.024,4.906,2.1,-2.75,105.351,,,
50,6,0.5 2.5 3 3.5 4.5 5.5,5.024,4.906,2.1,-2.75,106.482,,,
50,5,0.5 1.5 3.5 4.5 5.5,5.024,4.906,2.1,-2.75,108.677,,,
100,4,3 3.5 4.5 5.5,5.024,4.906,2.1,-2.75,116.121,,,
75,4,1.5 3.5 4.5 5.5,5.024,4.906,2.1,-2.75,120.748,,,
100,4,2.5 3.5 4.5 5.5,5.024,4.906,2.1,-2.75,129.557,,,
100,5,2.5 3 3.5 4.5 5.5,5.024,4.906,2.1,-2.75,132.309,,,
75,5,0.5 3 3.5 4.5 5.5,5.024,4.906,2.1,-2.75,150.478,,,
75,5,0.5 2.5 3.5 4.5 5.5,5.024,4.906,2.1,-2.75,155.518,,,
100,4,1.5 3.5 4.5 5.5,5.024,4.906,2.1,-2.75,155.82,,,
75,6,0.5 2.5 3 3.5 4.5 5.5,5.024,4.906,2.1,-2.75,157.469,,,
75,5,0.5 1.5 3.5 4.5 5.5,5.024,4.906,2.1,-2.75,159.689,,,
100,5,0.5 3 3.5 4.5 5.5,5.024,4.906,2.1,-2.75,196.789,,,
100,5,0.5 2.5 3.5 4.5 5.5,5.024,4.906,2.1,-2.75,204.465,,,
100,6,0.5 2.5 3 3.5 4.5 5.5,5.024,4.906,2.1,-2.75,207.207,,,
100,5,0.5 1.5 3.5 4.5 5.5,5.024,4.906,2.1,-2.75,208.673,,,
25,3,3 3.5 4.5,5.038,4.932,2.1,-2.75,31.569,,,
25,3,3 3.5 5.5,5.038,4.919,2.1,-2.75,32.072,,,
25,3,3 4.5 5.5,5.038,4.919,2.1,-2.75,32.356,,,
25,3,2.5 3.5 4.5,5.038,4.932,2.1,-2.75,34.75,,,
25,4,2.5 3 3.5 4.5,5.038,4.932,2.1,-2.75,35.143,,,
25,4,2.5 3 3.5 5.5,5.038,4.919,2.1,-2.75,35.637,,,
25,4,2.5 3 4.5 5.5,5.038,4.919,2.1,-2.75,35.956,,,
25,3,1.5 3.5 4.5,5.038,4.932,2.1,-2.75,41.557,,,
25,4,0.5 3 3.5 4.5,5.038,4.932,2.1,-2.75,50.088,,,
25,4,0.5 3 3.5 5.5,5.038,4.919,2.1,-2.75,50.585,,,
25,4,0.5 3 4.5 5.5,5.038,4.919,2.1,-2.75,50.877,,,
25,4,0.5 2.5 3.5 4.5,5.038,4.932,2.1,-2.75,51.774,,,
25,5,0.5 2.5 3 3.5 4.5,5.038,4.932,2.1,-2.75,52.157,,,
25,5,0.5 2.5 3 3.5 5.5,5.038,4.919,2.1,-2.75,52.647,,,
25,5,0.5 2.5 3 4.5 5.5,5.038,4.919,2.1,-2.75,52.968,,,
25,4,0.5 1.5 3.5 4.5,5.038,4.932,2.1,-2.75,53.238,,,
50,3,3 3.5 4.5,5.038,4.932,2.1,-2.75,60.54,,,
50,3,3 4.5 5.5,5.038,4.919,2.1,-2.75,60.987,,,
50,3,3 3.5 5.5,5.038,4.919,2.1,-2.75,61.042,,,
50,3,2.5 3.5 4.5,5.038,4.932,2.1,-2.75,66.667,,,
50,4,2.5 3 3.5 4.5,5.038,4.932,2.1,-2.75,67.813,,,
50,4,2.5 3 4.5 5.5,5.038,4.919,2.1,-2.75,68.261,,,
50,4,2.5 3 3.5 5.5,5.038,4.919,2.1,-2.75,68.298,,,
50,3,1.5 3.5 4.5,5.038,4.932,2.1,-2.75,80.896,,,
75,3,3 3.5 4.5,5.038,4.932,2.1,-2.75,87.244,,,
75,3,3 4.5 5.5,5.038,4.919,2.1,-2.75,87.511,,,
75,3,3 3.5 5.5,5.038,4.919,2.1,-2.75,88.086,,,
75,3,2.5 3.5 4.5,5.038,4.932,2.1,-2.75,96.698,,,
75,4,2.5 3 3.5 4.5,5.038,4.932,2.1,-2.75,98.662,,,
75,4,2.5 3 4.5 5.5,5.038,4.919,2.1,-2.75,98.93,,,
75,4,2.5 3 3.5 5.5,5.038,4.919,2.1,-2.75,99.481,,,
50,4,0.5 3 3.5 4.5,5.038,4.932,2.1,-2.75,99.497,,,
50,4,0.5 3 4.5 5.5,5.038,4.919,2.1,-2.75,99.945,,,
50,4,0.5 3 3.5 5.5,5.038,4.919,2.1,-2.75,100.002,,,
50,4,0.5 2.5 3.5 4.5,5.038,4.932,2.1,-2.75,102.65,,,
50,5,0.5 2.5 3 3.5 4.5,5.038,4.932,2.1,-2.75,103.783,,,
50,5,0.5 2.5 3 4.5 5.5,5.038,4.919,2.1,-2.75,104.233,,,
50,5,0.5 2.5 3 3.5 5.5,5.038,4.919,2.1,-2.75,104.27,,,
50,4,0.5 1.5 3.5 4.5,5.038,4.932,2.1,-2.75,105.97,,,
100,3,3 3.5 4.5,5.038,4.932,2.1,-2.75,111.934,,,
100,3,3 4.5 5.5,5.038,4.919,2.1,-2.75,112.067,,,
100,3,3 3.5 5.5,5.038,4.919,2.1,-2.75,113.249,,,
75,3,1.5 3.5 4.5,5.038,4.932,2.1,-2.75,117.24,,,
100,3,2.5 3.5 4.5,5.038,4.932,2.1,-2.75,125.399,,,
100,4,2.5 3 3.5 4.5,5.038,4.932,2.1,-2.75,128.155,,,
100,4,2.5 3 4.5 5.5,5.038,4.919,2.1,-2.75,128.279,,,
100,4,2.5 3 3.5 5.5,5.038,4.919,2.1,-2.75,129.446,,,
75,4,0.5 3 3.5 4.5,5.038,4.932,2.1,-2.75,146.95,,,
75,4,0.5 3 4.5 5.5,5.038,4.919,2.1,-2.75,147.225,,,
75,4,0.5 3 3.5 5.5,5.038,4.919,2.1,-2.75,147.792,,,
100,3,1.5 3.5 4.5,5.038,4.932,2.1,-2.75,151.658,,,
75,4,0.5 2.5 3.5 4.5,5.038,4.932,2.1,-2.75,152.018,,,
75,5,0.5 2.5 3 3.5 4.5,5.038,4.932,2.1,-2.75,153.972,,,
75,5,0.5 2.5 3 4.5 5.5,5.038,4.919,2.1,-2.75,154.247,,,
75,5,0.5 2.5 3 3.5 5.5,5.038,4.919,2.1,-2.75,154.792,,,
75,4,0.5 1.5 3.5 4.5,5.038,4.932,2.1,-2.75,156.181,,,
100,4,0.5 3 3.5 4.5,5.038,4.932,2.1,-2.75,192.613,,,
100,4,0.5 3 4.5 5.5,5.038,4.919,2.1,-2.75,192.754,,,
100,4,0.5 3 3.5 5.5,5.038,4.919,2.1,-2.75,193.919,,,
100,4,0.5 2.5 3.5 4.5,5.038,4.932,2.1,-2.75,200.315,,,
100,5,0.5 2.5 3 3.5 4.5,5.038,4.932,2.1,-2.75,203.06,,,
100,5,0.5 2.5 3 4.5 5.5,5.038,4.919,2.1,-2.75,203.191,,,
100,5,0.5 2.5 3 3.5 5.5,5.038,4.919,2.1,-2.75,204.346,,,
100,4,0.5 1.5 3.5 4.5,5.038,4.932,2.1,-2.75,204.514,,,
25,2,3 5.5,5.051,4.932,2.1,-2.75,30.158,,,
25,2,3 4.5,5.051,4.945,2.1,-2.75,30.476,,,
25,3,2.5 3 5.5,5.051,4.932,2.1,-2.75,33.77,,,
25,3,2.5 3 4.5,5.051,4.945,2.1,-2.75,34.087,,,
25,3,2.5 4.5 5.5,5.051,4.932,2.1,-2.75,34.532,,,
25,3,2.5 3.5 5.5,5.051,4.932,2.1,-2.75,35.236,,,
25,3,1.5 4.5 5.5,5.051,4.932,2.1,-2.75,39.192,,,
25,3,1.5 2.5 4.5,5.051,4.919,2.1,-2.75,41.109,,,
25,3,1.5 3.5 5.5,5.051,4.932,2.1,-2.75,42.04,,,
25,3,0.5 3 5.5,5.051,4.932,2.1,-2.75,48.683,,,
25,3,0.5 3 4.5,5.051,4.945,2.1,-2.75,49.003,,,
25,4,0.5 2.5 3 5.5,5.051,4.932,2.1,-2.75,50.784,,,
25,4,0.5 1.5 4.5 5.5,5.051,4.932,2.1,-2.75,50.882,,,
25,4,0.5 2.5 3 4.5,5.051,4.945,2.1,-2.75,51.103,,,
25,4,0.5 2.5 4.5 5.5,5.051,4.932,2.1,-2.75,51.568,,,
25,4,0.5 2.5 3.5 5.5,5.051,4.932,2.1,-2.75,52.256,,,
25,4,0.5 1.5 2.5 4.5,5.051,4.919,2.1,-2.75,52.783,,,
25,4,0.5 1.5 3.5 5.5,5.051,4.932,2.1,-2.75,53.722,,,
50,2,3 5.5,5.051,4.932,2.1,-2.75,57.387,,,
50,2,3 4.5,5.051,4.945,2.1,-2.75,58.256,,,
50,3,2.5 4.5 5.5,5.051,4.932,2.1,-2.75,64.573,,,
50,3,2.5 3 5.5,5.051,4.932,2.1,-2.75,64.672,,,
50,3,2.5 3 4.5,5.051,4.945,2.1,-2.75,65.554,,,
50,3,2.5 3.5 5.5,5.051,4.932,2.1,-2.75,67.144,,,
50,3,1.5 4.5 5.5,5.051,4.932,2.1,-2.75,72.904,,,
50,3,1.5 2.5 4.5,5.051,4.919,2.1,-2.75,80.206,,,
50,3,1.5 3.5 5.5,5.051,4.932,2.1,-2.75,81.378,,,
75,2,3 5.5,5.051,4.932,2.1,-2.75,83.118,,,
75,2,3 4.5,5.051,4.945,2.1,-2.75,83.971,,,
75,3,2.5 4.5 5.5,5.051,4.932,2.1,-2.75,93.168,,,
75,3,2.5 3 5.5,5.051,4.932,2.1,-2.75,94.551,,,
75,3,2.5 3 4.5,5.051,4.945,2.1,-2.75,95.422,,,
50,3,0.5 3 5.5,5.051,4.932,2.1,-2.75,96.353,,,
50,3,0.5 3 4.5,5.051,4.945,2.1,-2.75,97.219,,,
75,3,2.5 3.5 5.5,5.051,4.932,2.1,-2.75,97.509,,,
50,4,0.5 1.5 4.5 5.5,5.051,4.932,2.1,-2.75,97.998,,,
50,4,0.5 2.5 4.5 5.5,5.051,4.932,2.1,-2.75,100.571,,,
50,4,0.5 2.5 3 5.5,5.051,4.932,2.1,-2.75,100.649,,,
50,4,0.5 2.5 3 4.5,5.051,4.945,2.1,-2.75,101.53,,,
50,4,0.5 2.5 3.5 5.5,5.051,4.932,2.1,-2.75,103.129,,,
75,3,1.5 4.5 5.5,5.051,4.932,2.1,-2.75,104.025,,,
50,4,0.5 1.5 2.5 4.5,5.051,4.919,2.1,-2.75,105.261,,,
50,4,0.5 1.5 3.5 5.5,5.051,4.932,2.1,-2.75,106.453,,,
100,2,3 5.5,5.051,4.932,2.1,-2.75,107.139,,,
100,2,3 4.5,5.051,4.945,2.1,-2.75,107.88,,,
75,3,1.5 2.5 4.5,5.051,4.919,2.1,-2.75,117.852,,,
75,3,1.5 3.5 5.5,5.051,4.932,2.1,-2.75,118.061,,,
100,3,2.5 4.5 5.5,5.051,4.932,2.1,-2.75,120.602,,,
100,3,2.5 3 5.5,5.051,4.932,2.1,-2.75,123.367,,,
100,3,2.5 3 4.5,5.051,4.945,2.1,-2.75,124.124,,,
100,3,2.5 3.5 5.5,5.051,4.932,2.1,-2.75,126.687,,,
100,3,1.5 4.5 5.5,5.051,4.932,2.1,-2.75,133.839,,,
75,3,0.5 3 5.5,5.051,4.932,2.1,-2.75,142.841,,,
75,4,0.5 1.5 4.5 5.5,5.051,4.932,2.1,-2.75,142.984,,,
75,3,0.5 3 4.5,5.051,4.945,2.1,-2.75,143.69,,,
75,4,0.5 2.5 4.5 5.5,5.051,4.932,2.1,-2.75,148.499,,,
75,4,0.5 2.5 3 5.5,5.051,4.932,2.1,-2.75,149.876,,,
75,4,0.5 2.5 3 4.5,5.051,4.945,2.1,-2.75,150.743,,,
75,4,0.5 2.5 3.5 5.5,5.051,4.932,2.1,-2.75,152.83,,,
100,3,1.5 3.5 5.5,5.051,4.932,2.1,-2.75,152.954,,,
100,3,1.5 2.5 4.5,5.051,4.919,2.1,-2.75,154.813,,,
75,4,0.5 1.5 2.5 4.5,5.051,4.919,2.1,-2.75,156.771,,,
75,4,0.5 1.5 3.5 5.5,5.051,4.932,2.1,-2.75,157.004,,,
100,4,0.5 1.5 4.5 5.5,5.051,4.932,2.1,-2.75,186.709,,,
100,3,0.5 3 5.5,5.051,4.932,2.1,-2.75,187.835,,,
100,3,0.5 3 4.5,5.051,4.945,2.1,-2.75,188.577,,,
100,4,0.5 2.5 4.5 5.5,5.051,4.932,2.1,-2.75,195.545,,,
100,4,0.5 2.5 3 5.5,5.051,4.932,2.1,-2.75,198.284,,,
100,4,0.5 2.5 3 4.5,5.051,4.945,2.1,-2.75,199.044,,,
100,4,0.5 2.5 3.5 5.5,5.051,4.932,2.1,-2.75,201.597,,,
100,4,0.5 1.5 3.5 5.5,5.051,4.932,2.1,-2.75,205.806,,,
100,4,0.5 1.5 2.5 4.5,5.051,4.919,2.1,-2.75,207.649,,,
25,3,3.5 4.5 5.5,5.064,4.945,2.1,-2.75,30.084,,,
25,3,1.5 2.5 5.5,5.064,4.932,2.1,-2.75,39.872,,,
25,4,0.5 3.5 4.5 5.5,5.064,4.945,2.1,-2.75,49.782,,,
25,4,0.5 1.5 2.5 5.5,5.064,4.932,2.1,-2.75,51.546,,,
50,3,3.5 4.5 5.5,5.064,4.945,2.1,-2.75,55.263,,,
75,3,3.5 4.5 5.5,5.064,4.945,2.1,-2.75,77.196,,,
50,3,1.5 2.5 5.5,5.064,4.932,2.1,-2.75,77.702,,,
100,3,3.5 4.5 5.5,5.064,4.945,2.1,-2.75,96.305,,,
50,4,0.5 3.5 4.5 5.5,5.064,4.945,2.1,-2.75,96.349,,,
50,4,0.5 1.5 2.5 5.5,5.064,4.932,2.1,-2.75,102.757,,,
75,3,1.5 2.5 5.5,5.064,4.932,2.1,-2.75,114.889,,,
75,4,0.5 3.5 4.5 5.5,5.064,4.945,2.1,-2.75,140.141,,,
100,3,1.5 2.5 5.5,5.064,4.932,2.1,-2.75,151.666,,,
75,4,0.5 1.5 2.5 5.5,5.064,4.932,2.1,-2.75,153.809,,,
100,4,0.5 3.5 4.5 5.5,5.064,4.945,2.1,-2.75,181.239,,,
100,4,0.5 1.5 2.5 5.5,5.064,4.932,2.1,-2.75,204.498,,,
25,2,3.5 4.5,5.077,4.972,2.1,-2.75,28.2,,,
25,3,0.5 3.5 4.5,5.077,4.972,2.1,-2.75,47.905,,,
50,2,3.5 4.5,5.077,4.972,2.1,-2.75,52.511,,,
75,2,3.5 4.5,5.077,4.972,2.1,-2.75,73.632,,,
100,2,3.5 4.5,5.077,4.972,2.1,-2.75,92.074,,,
50,3,0.5 3.5 4.5,5.077,4.972,2.1,-2.75,93.606,,,
75,3,0.5 3.5 4.5,5.077,4.972,2.1,-2.75,136.585,,,
100,3,0.5 3.5 4.5,5.077,4.972,2.1,-2.75,177.022,,,
25,2,3.5 5.5,5.09,4.972,2.1,-2.75,28.699,,,
25,2,1.5 4.5,5.09,4.958,2.1,-2.75,37.301,,,
25,3,0.5 3.5 5.5,5.09,4.972,2.1,-2.75,48.397,,,
25,3,0.5 1.5 4.5,5.09,4.958,2.1,-2.75,48.991,,,
50,2,3.5 5.5,5.09,4.972,2.1,-2.75,53.02,,,
50,2,1.5 4.5,5.09,4.958,2.1,-2.75,70.165,,,
75,2,3.5 5.5,5.09,4.972,2.1,-2.75,74.49,,,
100,2,3.5 5.5,5.09,4.972,2.1,-2.75,93.419,,,
50,3,0.5 3.5 5.5,5.09,4.972,2.1,-2.75,94.117,,,
50,3,0.5 1.5 4.5,5.09,4.958,2.1,-2.75,95.259,,,
75,2,1.5 4.5,5.09,4.958,2.1,-2.75,100.473,,,
100,2,1.5 4.5,5.09,4.958,2.1,-2.75,129.634,,,
75,3,0.5 3.5 5.5,5.09,4.972,2.1,-2.75,137.442,,,
75,3,0.5 1.5 4.5,5.09,4.958,2.1,-2.75,139.433,,,
100,3,0.5 3.5 5.5,5.09,4.972,2.1,-2.75,178.356,,,
100,3,0.5 1.5 4.5,5.09,4.958,2.1,-2.75,182.508,,,
25,2,4.5 5.5,5.104,4.985,2.1,-2.75,22.5,,,
25,2,2.5 5.5,5.104,4.972,2.1,-2.75,31.416,,,
50,2,4.5 5.5,5.104,4.985,2.1,-2.75,36.988,,,
25,3,0.5 4.5 5.5,5.104,4.985,2.1,-2.75,43.859,,,
75,2,4.5 5.5,5.104,4.985,2.1,-2.75,47.889,,,
25,3,0.5 2.5 5.5,5.104,4.972,2.1,-2.75,48.454,,,
100,2,4.5 5.5,5.104,4.985,2.1,-2.75,56.705,,,
50,2,2.5 5.5,5.104,4.972,2.1,-2.75,59.37,,,
50,3,0.5 4.5 5.5,5.104,4.985,2.1,-2.75,81.351,,,
75,2,2.5 5.5,5.104,4.972,2.1,-2.75,86.699,,,
50,3,0.5 2.5 5.5,5.104,4.972,2.1,-2.75,95.374,,,
100,2,2.5 5.5,5.104,4.972,2.1,-2.75,113.313,,,
75,3,0.5 4.5 5.5,5.104,4.985,2.1,-2.75,115.729,,,
75,3,0.5 2.5 5.5,5.104,4.972,2.1,-2.75,142.041,,,
100,3,0.5 4.5 5.5,5.104,4.985,2.1,-2.75,148.076,,,
100,3,0.5 2.5 5.5,5.104,4.972,2.1,-2.75,188.264,,,
25,3,1.5 3 3.5,5.117,4.972,2.1,-2.75,39.273,,,
25,4,1.5 2.5 3 3.5,5.117,4.972,2.1,-2.75,40.125,,,
25,4,0.5 1.5 3 3.5,5.117,4.972,2.1,-2.75,50.947,,,
25,5,0.5 1.5 2.5 3 3.5,5.117,4.972,2.1,-2.75,51.79,,,
50,3,1.5 3 3.5,5.117,4.972,2.1,-2.75,79.244,,,
50,4,1.5 2.5 3 3.5,5.117,4.972,2.1,-2.75,80.896,,,
50,4,0.5 1.5 3 3.5,5.117,4.972,2.1,-2.75,104.305,,,
50,5,0.5 1.5 2.5 3 3.5,5.117,4.972,2.1,-2.75,105.942,,,
75,3,1.5 3 3.5,5.117,4.972,2.1,-2.75,117.52,,,
75,4,1.5 2.5 3 3.5,5.117,4.972,2.1,-2.75,120.469,,,
100,3,1.5 3 3.5,5.117,4.972,2.1,-2.75,154.475,,,
75,4,0.5 1.5 3 3.5,5.117,4.972,2.1,-2.75,156.451,,,
100,4,1.5 2.5 3 3.5,5.117,4.972,2.1,-2.75,159.316,,,
75,5,0.5 1.5 2.5 3 3.5,5.117,4.972,2.1,-2.75,159.378,,,
100,4,0.5 1.5 3 3.5,5.117,4.972,2.1,-2.75,207.321,,,
100,5,0.5 1.5 2.5 3 3.5,5.117,4.972,2.1,-2.75,212.135,,,
25,2,2.5 4.5,5.13,4.958,2.1,-2.75,32.655,,,
25,3,1.5 2.5 3.5,5.13,4.985,2.1,-2.75,39.726,,,
25,3,0.5 2.5 4.5,5.13,4.958,2.1,-2.75,49.695,,,
25,4,0.5 1.5 2.5 3.5,5.13,4.985,2.1,-2.75,51.395,,,
50,2,2.5 4.5,5.13,4.958,2.1,-2.75,61.862,,,
50,3,1.5 2.5 3.5,5.13,4.985,2.1,-2.75,79.759,,,
75,2,2.5 4.5,5.13,4.958,2.1,-2.75,89.651,,,
50,3,0.5 2.5 4.5,5.13,4.958,2.1,-2.75,97.863,,,
50,4,0.5 1.5 2.5 3.5,5.13,4.985,2.1,-2.75,104.808,,,
100,2,2.5 4.5,5.13,4.958,2.1,-2.75,116.434,,,
75,3,1.5 2.5 3.5,5.13,4.985,2.1,-2.75,118.509,,,
75,3,0.5 2.5 4.5,5.13,4.958,2.1,-2.75,144.985,,,
100,3,1.5 2.5 3.5,5.13,4.985,2.1,-2.75,156.569,,,
75,4,0.5 1.5 2.5 3.5,5.13,4.985,2.1,-2.75,157.422,,,
100,3,0.5 2.5 4.5,5.13,4.958,2.1,-2.75,191.385,,,
100,4,0.5 1.5 2.5 3.5,5.13,4.985,2.1,-2.75,209.39,,,
50,2,1.5 3.5,5.143,5.024,2.1,-2.75,75.662,,,
50,3,0.5 1.5 3.5,5.143,5.024,2.1,-2.75,100.736,,,
75,2,1.5 3.5,5.143,5.024,2.1,-2.75,110.862,,,
100,2,1.5 3.5,5.143,5.024,2.1,-2.75,144.474,,,
75,3,0.5 1.5 3.5,5.143,5.024,2.1,-2.75,149.804,,,
100,3,0.5 1.5 3.5,5.143,5.024,2.1,-2.75,197.329,,,
25,2,3 3.5,5.156,5.011,2.1,-2.75,28.123,,,
25,3,2.5 3 3.5,5.156,5.011,2.1,-2.75,31.705,,,
25,3,0.5 3 3.5,5.156,5.011,2.1,-2.75,46.642,,,
25,4,0.5 2.5 3 3.5,5.156,5.011,2.1,-2.75,48.719,,,
50,2,3 3.5,5.156,5.011,2.1,-2.75,55.306,,,
50,3,2.5 3 3.5,5.156,5.011,2.1,-2.75,62.586,,,
75,2,3 3.5,5.156,5.011,2.1,-2.75,80.861,,,
75,3,2.5 3 3.5,5.156,5.011,2.1,-2.75,92.291,,,
50,3,0.5 3 3.5,5.156,5.011,2.1,-2.75,94.271,,,
50,4,0.5 2.5 3 3.5,5.156,5.011,2.1,-2.75,98.561,,,
100,2,3 3.5,5.156,5.011,2.1,-2.75,104.745,,,
100,3,2.5 3 3.5,5.156,5.011,2.1,-2.75,120.976,,,
75,3,0.5 3 3.5,5.156,5.011,2.1,-2.75,140.573,,,
75,4,0.5 2.5 3 3.5,5.156,5.011,2.1,-2.75,147.606,,,
100,3,0.5 3 3.5,5.156,5.011,2.1,-2.75,185.428,,,
100,4,0.5 2.5 3 3.5,5.156,5.011,2.1,-2.75,195.885,,,
25,2,2.5 3.5,5.169,5.024,2.1,-2.75,31.292,,,
25,2,1.5 3.5,5.169,5.024,2.1,-2.75,38.096,,,
25,3,0.5 2.5 3.5,5.169,5.024,2.1,-2.75,48.316,,,
25,3,0.5 1.5 3.5,5.169,5.024,2.1,-2.75,49.778,,,
50,2,2.5 3.5,5.169,5.024,2.1,-2.75,61.43,,,
75,2,2.5 3.5,5.169,5.024,2.1,-2.75,90.315,,,
50,3,0.5 2.5 3.5,5.169,5.024,2.1,-2.75,97.418,,,
100,2,2.5 3.5,5.169,5.024,2.1,-2.75,118.21,,,
75,3,0.5 2.5 3.5,5.169,5.024,2.1,-2.75,145.64,,,
100,3,0.5 2.5 3.5,5.169,5.024,2.1,-2.75,193.13,,,
25,1,4.5,5.183,5.011,2.1,-2.75,20.584,,,
50,1,4.5,5.183,5.011,2.1,-2.75,34.196,,,
25,2,0.5 4.5,5.183,5.011,2.1,-2.75,41.951,,,
75,1,4.5,5.183,5.011,2.1,-2.75,44.276,,,
100,1,4.5,5.183,5.011,2.1,-2.75,52.426,,,
50,2,0.5 4.5,5.183,5.011,2.1,-2.75,78.57,,,
75,2,0.5 4.5,5.183,5.011,2.1,-2.75,112.126,,,
100,2,0.5 4.5,5.183,5.011,2.1,-2.75,143.813,,,
25,1,3.5,5.209,5.064,2.1,-2.75,24.728,,,
50,1,3.5,5.209,5.064,2.1,-2.75,47.257,,,
75,1,3.5,5.209,5.064,2.1,-2.75,67.231,,,
100,1,3.5,5.209,5.064,2.1,-2.75,84.867,,,
25,2,1.5 5.5,5.222,5.024,2.1,-2.75,34.254,,,
25,3,0.5 1.5 5.5,5.222,5.024,2.1,-2.75,45.945,,,
50,2,1.5 5.5,5.222,5.024,2.1,-2.75,63.792,,,
50,3,0.5 1.5 5.5,5.222,5.024,2.1,-2.75,88.887,,,
75,2,1.5 5.5,5.222,5.024,2.1,-2.75,92.268,,,
100,2,1.5 5.5,5.222,5.024,2.1,-2.75,120.193,,,
75,3,0.5 1.5 5.5,5.222,5.024,2.1,-2.75,131.229,,,
100,3,0.5 1.5 5.5,5.222,5.024,2.1,-2.75,173.063,,,
25,2,1.5 3,5.235,5.09,2.1,-2.75,36.185,,,
25,3,1.5 2.5 3,5.235,5.09,2.1,-2.75,37.063,,,
25,3,0.5 1.5 3,5.235,5.09,2.1,-2.75,47.861,,,
25,4,0.5 1.5 2.5 3,5.235,5.09,2.1,-2.75,48.729,,,
50,2,1.5 3,5.235,5.09,2.1,-2.75,73.804,,,
50,3,1.5 2.5 3,5.235,5.09,2.1,-2.75,75.477,,,
50,2,0.5 3.5,5.235,5.064,2.1,-2.75,88.363,,,
50,3,0.5 1.5 3,5.235,5.09,2.1,-2.75,98.866,,,
50,4,0.5 1.5 2.5 3,5.235,5.09,2.1,-2.75,100.525,,,
75,2,0.5 3.5,5.235,5.064,2.1,-2.75,130.192,,,
100,2,1.5 3,5.235,5.09,2.1,-2.75,145.88,,,
100,3,1.5 2.5 3,5.235,5.09,2.1,-2.75,150.738,,,
100,2,0.5 3.5,5.235,5.064,2.1,-2.75,169.819,,,
100,3,0.5 1.5 3,5.235,5.09,2.1,-2.75,198.733,,,
100,4,0.5 1.5 2.5 3,5.235,5.09,2.1,-2.75,203.563,,,
75,2,1.5 3,5.249,5.09,2.1,-2.75,110.392,,,
75,3,1.5 2.5 3,5.249,5.09,2.1,-2.75,113.372,,,
75,3,0.5 1.5 3,5.249,5.09,2.1,-2.75,149.33,,,
75,4,0.5 1.5 2.5 3,5.249,5.09,2.1,-2.75,152.288,,,
25,2,0.5 3.5,5.262,5.064,2.1,-2.75,44.434,,,
25,1,2.5,5.288,5.222,2.1,-2.75,25.0,,,
25,2,1.5 2.5,5.288,5.196,2.1,-2.75,33.473,,,
25,2,0.5 2.5,5.288,5.222,2.1,-2.75,42.043,,,
25,3,0.5 1.5 2.5,5.288,5.196,2.1,-2.75,45.147,,,
50,2,1.5 2.5,5.288,5.183,2.2,-2.5,68.357,,,
50,3,0.5 1.5 2.5,5.288,5.183,2.2,-2.5,93.412,,,
75,2,1.5 2.5,5.301,5.196,2.2,-2.5,103.173,,,
100,2,1.5 2.5,5.301,5.196,2.2,-2.5,137.983,,,
75,3,0.5 1.5 2.5,5.301,5.196,2.2,-2.5,142.093,,,
100,3,0.5 1.5 2.5,5.301,5.196,2.2,-2.5,190.819,,,
50,1,2.5,5.328,5.222,2.2,-2.5,50.0,,,
50,2,0.5 2.5,5.328,5.222,2.2,-2.5,86.007,,,
25,1,3,5.341,5.13,2.1,-2.75,25.0,,,
25,2,2.5 3,5.341,5.13,2.1,-2.75,28.631,,,
25,2,0.5 3,5.341,5.13,2.1,-2.75,43.532,,,
25,3,0.5 2.5 3,5.341,5.13,2.1,-2.75,45.65,,,
50,1,3,5.341,5.13,2.1,-2.75,49.848,,,
50,2,2.5 3,5.341,5.13,2.1,-2.75,57.157,,,
75,1,2.5,5.341,5.235,2.2,-2.5,74.944,,,
50,2,0.5 3,5.341,5.13,2.1,-2.75,88.819,,,
50,3,0.5 2.5 3,5.341,5.13,2.1,-2.75,93.137,,,
100,1,3,5.341,5.13,2.1,-2.75,96.121,,,
100,1,2.5,5.341,5.235,2.2,-2.5,99.582,,,
100,2,2.5 3,5.341,5.13,2.1,-2.75,112.383,,,
75,2,0.5 2.5,5.341,5.235,2.2,-2.5,130.29,,,
100,2,0.5 2.5,5.341,5.235,2.2,-2.5,174.543,,,
100,2,0.5 3,5.341,5.13,2.1,-2.75,176.828,,,
100,3,0.5 2.5 3,5.341,5.13,2.1,-2.75,187.308,,,
25,2,0.5 5.5,5.354,5.156,2.1,-2.75,37.384,,,
50,2,0.5 5.5,5.354,5.156,2.1,-2.75,68.744,,,
75,1,3,5.354,5.13,2.1,-2.75,73.713,,,
75,2,2.5 3,5.354,5.13,2.1,-2.75,85.18,,,
75,2,0.5 5.5,5.354,5.156,2.1,-2.75,98.624,,,
100,2,0.5 5.5,5.354,5.156,2.1,-2.75,127.589,,,
75,2,0.5 3,5.354,5.13,2.1,-2.75,133.44,,,
75,3,0.5 2.5 3,5.354,5.13,2.1,-2.75,140.509,,,
25,1,5.5,5.367,5.183,2.1,-2.75,14.823,,,
50,1,5.5,5.367,5.183,2.1,-2.75,22.193,,,
75,1,5.5,5.367,5.183,2.1,-2.75,27.813,,,
100,1,5.5,5.367,5.183,2.1,-2.75,32.458,,,
100,1,1.5,5.842,5.75,2.2,-4.0,100.0,,,
100,2,0.5 1.5,5.842,5.75,2.2,-4.0,152.874,,,
75,1,1.5,5.868,5.816,2.3,-4.0,75.0,,,
75,2,0.5 1.5,5.868,5.816,2.3,-4.0,113.963,,,
50,1,1.5,5.961,5.868,2.3,-4.0,50.0,,,
50,2,0.5 1.5,5.961,5.868,2.3,-4.0,75.095,,,
25,1,1.5,5.987,5.908,2.9,-4.0,25.0,,,
25,2,0.5 1.5,5.987,5.908,2.9,-4.0,36.691,,,
100,1,0.5,8.427,8.361,2.2,-4.0,99.987,,,
75,1,0.5,8.572,8.506,2.2,-4.0,75.0,,,
50,1,0.5,8.796,8.756,2.2,-4.0,50.0,,,
25,1,0.5,9.218,9.139,2.2,-4.0,25.0,,,
